{
    "cross_validation": true,
    "model": "xgb",
    "best_hyperparameters": {},
    "training_metrics": {
        "MAE": 0.6440709233283997,
        "MSE": 2.473604679107666,
        "RMSE": 1.5727697610855103
    },
    "test_metrics": {
        "MAE": 0.8114145994186401,
        "MSE": 7.9022135734558105,
        "RMSE": 2.8110876083374023
    }
}