{
    "model": "linear_regression",
    "training_metrics": {
        "MAE": 2.893664434961015,
        "MSE": 26.50604654282364,
        "RMSE": 5.148402329152573
    },
    "test_metrics": {
        "MAE": 2.976721154541998,
        "MSE": 27.597153831507235,
        "RMSE": 5.253299328184835
    }
}