{
    "cross_validation": true,
    "model": "xgb",
    "best_hyperparameters": {
        "model__n_estimators": 300
    },
    "training_metrics": {
        "MAE": 0.6676608920097351,
        "MSE": 2.803537130355835,
        "RMSE": 1.6743766069412231
    },
    "test_metrics": {
        "MAE": 0.8134057521820068,
        "MSE": 7.908055305480957,
        "RMSE": 2.812126398086548
    }
}