{
    "cross_validation": true,
    "model": "xgb",
    "best_hyperparameters": {
        "model__learning_rate": 0.1,
        "model__n_estimators": 300
    },
    "training_metrics": {
        "MAE": 0.6361015439033508,
        "MSE": 2.307082176208496,
        "RMSE": 1.5189082622528076
    },
    "test_metrics": {
        "MAE": 0.8200539350509644,
        "MSE": 7.859658241271973,
        "RMSE": 2.8035082817077637
    }
}